{"cameraMode":{"drawMode":0,"name":"Shaded","section":"Shading Mode"},"sceneLighting":false,"audioPlay":false,"sceneViewState":{"showFog":true,"showMaterialUpdate":false,"showSkybox":true,"showFlares":true,"showImageEffects":true,"showParticleSystems":true},"in2DMode":false,"pivot":{"x":-19.915822982788087,"y":13.278876304626465,"z":-21.005704879760743},"rotation":{"x":-0.2391921430826187,"y":0.7445428967475891,"z":-0.521273136138916,"w":-0.3416425585746765},"size":4.744399070739746,"orthographic":false}