{"cameraMode":{"drawMode":0,"name":"Shaded","section":"Shading Mode"},"sceneLighting":true,"audioPlay":false,"sceneViewState":{"showFog":true,"showMaterialUpdate":false,"showSkybox":true,"showFlares":true,"showImageEffects":true,"showParticleSystems":true},"in2DMode":false,"pivot":{"x":-28.76312255859375,"y":11.771871566772461,"z":-24.039588928222658},"rotation":{"x":-0.2391921430826187,"y":0.7445428967475891,"z":-0.521273136138916,"w":-0.3416425585746765},"size":42.8071403503418,"orthographic":false}