{"cameraMode":{"drawMode":0,"name":"Shaded","section":"Shading Mode"},"sceneLighting":true,"audioPlay":false,"sceneViewState":{"showFog":true,"showMaterialUpdate":false,"showSkybox":true,"showFlares":true,"showImageEffects":true,"showParticleSystems":true},"in2DMode":false,"pivot":{"x":-26.81870460510254,"y":13.489425659179688,"z":1.1629161834716797},"rotation":{"x":-0.0851394534111023,"y":-0.11422809958457947,"z":0.009825966320931912,"w":-0.9897530674934387},"size":20.778207778930665,"orthographic":false}